review_text,sentiment,issue_type,keywords,severity,source
They look good and stick good! I just don't like the rounded shape because I was always bumping it and Siri kept popping up and it was irritating,negative,no_issue,"bumping, don, good, irritating, just",medium,csv
I just won't buy a product like this again,negative,no_issue,"buy, just, like, product, won",medium,csv
These stickers work like the review says they do,positive,no_issue,"like, review, says, stickers, work",low,csv
They stick on great and they stay on the phone,positive,no_issue,"great, phone, stay, stick",low,csv
They are super stylish and I can share them with my sister,positive,no_issue,"share, sister, stylish, super",low,csv
These are awesome and make my phone look so stylish! I have only used one so far and have had it on for almost a year! CAN YOU BELIEVE THAT! ONE YEAR!! Great quality!,positive,no_issue,"awesome, believe, far, great, year",low,csv
Item arrived in great time and was in perfect condition,positive,performance_issue,"arrived, condition, great, item, perfect",low,csv
"However, I ordered these buttons because they were a great deal and included a FREE screen protector",negative,no_issue,"buttons, deal, free, great, included",medium,csv
"Though its not a big deal, it would've been nice to get it since they claim it comes with one",positive,no_issue,"big, claim, comes, deal, nice",low,csv
leopard home button sticker for iphone 4s,negative,no_issue,"4s, button, home, iphone, leopard",medium,csv
"awesome! stays on, and looks great",positive,design_issue,"awesome, great, looks, stays",low,csv
can be used on multiple apple products,positive,no_issue,"apple, multiple, products, used",low,csv
"especially having nails, it helps to have an elevated key",positive,no_issue,"elevated, especially, having, helps, key",low,csv
These make using the home button easy,positive,no_issue,"button, easy, home, make, using",low,csv
My daughter and I both like them,positive,no_issue,"daughter, like",low,csv
I would purchase them again,positive,no_issue,purchase,low,csv
It doesn't come unstuck and its cute! People ask where I got them from & it's great when driving,positive,no_issue,"ask, come, cute, doesn, driving",low,csv
it worked for the first week then it only charge my phone to 20%,negative,performance_issue,"20, charge, phone, week, worked",high,csv
it is a waste of money,negative,no_issue,"money, waste",medium,csv
Protects phone all around with good access to buttons,positive,no_issue,"access, buttons, good, phone, protects",low,csv
Battery charges with full battery lasts me a full day,negative,performance_issue,"battery, charges, day, lasts",high,csv
I usually leave my house around 7am and return at 10pm,negative,no_issue,"10pm, 7am, house, leave, return",medium,csv
I'm glad that it lasts from start to end,positive,no_issue,"end, glad, lasts, start",low,csv
This is a fantastic case,positive,no_issue,"case, fantastic",low,csv
Very stylish and protects my phone,positive,no_issue,"phone, protects, stylish",low,csv
"Easy access to all buttons and features, without any loss of phone reception",positive,no_issue,"access, buttons, easy, features, loss",low,csv
"But most importantly, it double power, just as promised",positive,performance_issue,"double, importantly, just, power, promised",low,csv
this case fits perfectly on the s4 and keeps me powerd all day I can't complain! a+ recommend it to all,positive,no_issue,"case, complain, day, fits, keeps",low,csv
This is the first battery case I have had for my Galaxy S4,negative,performance_issue,"battery, case, galaxy, s4",high,csv
"The S4 fits very well, is slim and doesn't add much weight to the Galaxy S4",negative,no_issue,"add, doesn, fits, galaxy, s4",medium,csv
It doubles the battery life,positive,performance_issue,"battery, doubles, life",low,csv
"You can charge either the battery, the phone or both",negative,performance_issue,"battery, charge, phone",high,csv
There is a handy on-off switch with leds to indicate the level of charge,negative,no_issue,"charge, handy, indicate, leds, level",medium,csv
The battery case came on time and was packaged well,positive,performance_issue,"battery, came, case, packaged, time",low,csv
Absolutely love the case !!,positive,no_issue,"absolutely, case, love",low,csv
"It's very  sturdily built,and provides lots of boost",positive,no_issue,"boost, built, lots, provides, sturdily",low,csv
It does exactly what it's supposed too,positive,performance_issue,"does, exactly, supposed",low,csv
Easy to insert phone in and out,negative,no_issue,"easy, insert, phone",medium,csv
Definitely a 5 star experience,positive,no_issue,"definitely, experience, star",low,csv
Don't know what I would do without this case LOVE LOVE LOVE it,positive,no_issue,"case, don, know, love",low,csv
Best Rechargeable Battery Case on the Market!!!!!!!!!! A++++++++,positive,performance_issue,"battery, best, case, market, rechargeable",low,csv
"Unlike Most of the Rechargeable Battery cases, PowerBear Lasts up to 2 whole days",negative,performance_issue,"battery, cases, days, lasts, powerbear",high,csv
"It doesn't heat up like most of the other ones, and I was completely fascinated by the ultra light and sleek design for the case",positive,design_issue,"case, completely, design, doesn, fascinated",low,csv
"Before I was using the Mophie case but I couldn't wear it often because it was like having a hot brick in your pocket, Hence I had to always leave it at home",negative,no_issue,"brick, case, couldn, having, home",medium,csv
"On the contrary, with PowerBear, I never take it off because I can't even tell the difference",negative,performance_issue,"contrary, difference, powerbear, tell",high,csv
"Also it is build in a super STRONG manner and even though I dropped my phone a few times, its shock resistant technology won't let a single thing happen to the case or the phone",positive,no_issue,"build, case, dropped, happen, phone",low,csv
"The PowerBear case became an extension to my phone that I never have to take off because when I charge it at night, it charges both my phone and the case, and I have battery life for more than two days",negative,performance_issue,"battery, case, charge, charges, phone",high,csv
"I was also shocked to hear all the positive compliments I was hearing from people at my job, fitness center, and throughout the community",positive,no_issue,"center, community, compliments, fitness, hear",low,csv
"Everybody was loving the case, and what they don't know is that it cost  me 60 % CHEAPER then all the other brand",positive,no_issue,"60, brand, case, cheaper, cost",low,csv
"This is the best purchase I've made on the internet, and I am going to buy more for my family in time for the Holidays",positive,no_issue,"best, buy, family, going, holidays",low,csv
"I needed a phone case for myself and my two sons, but I also needed new replacement batteries",negative,performance_issue,"batteries, case, needed, new, phone",high,csv
"Now this isn't the case, since I got both in one",negative,no_issue,"case, got, isn",medium,csv
"When there is no outlets, or chargers near by its Powerbear to the rescue! Ordered one for my husband, and myself",negative,performance_issue,"chargers, husband, near, ordered, outlets",high,csv
"Doesn't heat up like crazy like the other ones I got, and cheaper too! Its definetly the best power case for the S4 you can get, thats why I got one for me and my wife",positive,design_issue,"best, case, cheaper, got, like",low,csv
I wonder why its called power bear,negative,performance_issue,"bear, called, power, wonder",high,csv
Works like the Expensive Version,positive,no_issue,"expensive, like, version, works",low,csv
"Surprisingly, this inexpensive version works just as well and just as reliably as the expensive variety",positive,no_issue,"expensive, inexpensive, just, reliably, surprisingly",low,csv
It has been working for me for months now,negative,no_issue,"months, working",medium,csv
I have tested this against the griffin dual output unit,negative,no_issue,"dual, griffin, output, tested, unit",medium,csv
I checked the charging current,negative,performance_issue,"charging, checked, current",high,csv
This unit was charging my galaxy note battery with 70 ma,negative,performance_issue,"70, battery, charging, galaxy, ma",high,csv
Griffin was charging with 40 ma! And the griffin was 4 times more expensive,negative,performance_issue,"40, charging, expensive, griffin, ma",high,csv
I have not used these for very long,negative,no_issue,"long, used",medium,csv
"I bought 15 of them, because they are so cheap and because they actually do seem to provide high current",negative,no_issue,"15, actually, bought, cheap, current",medium,csv
No idea how long they last,negative,unexpected_behavior,"idea, long",high,csv
I assume they will work fine,positive,no_issue,"assume, fine, work",low,csv
I have not been using them much,negative,no_issue,using,medium,csv
"I did the testing , just to stock up on a high current charger",negative,performance_issue,"charger, current, did, high, just",high,csv
This passed and I stocked up,positive,no_issue,"passed, stocked",low,csv
It worked great for the first couple of weeks then it just stopped completely,negative,no_issue,"completely, couple, great, just, stopped",medium,csv
so basically a small waste of money,negative,no_issue,"basically, money, small, waste",medium,csv
I love that it has two ports for my phone and ipod,positive,design_issue,"ipod, love, phone, ports",low,csv
Who wants to be putting too many things in one socket,negative,no_issue,"putting, socket, things, wants",medium,csv
Sleek and convenient to store and I just love it,positive,no_issue,"convenient, just, love, sleek, store",low,csv
"just what you need, I am always having to charge my phone and then find I have another item to charge also",negative,no_issue,"charge, having, item, just, need",medium,csv
"does not have the need amps to charge things like ipads, or hp touchpads",negative,no_issue,"amps, charge, does, hp, ipads",medium,csv
but its super small and compact,positive,no_issue,"compact, small, super",low,csv
I like the fact they light up,positive,no_issue,"fact, light, like",low,csv
"They are nothing special for sure, but it's nice that you can tell when it is powered up by the led that glows in it",positive,no_issue,"glows, led, nice, powered, special",low,csv
able to charge two phones at once in the car which is nice,positive,performance_issue,"able, car, charge, nice, phones",low,csv
Have more than one vehicle so I keep more than one of these in each,negative,no_issue,vehicle,medium,csv
"Nothing more frustrating than finding all of a sudden one quits working, and you have no way to recharge your phone",negative,no_issue,"finding, frustrating, phone, quits, recharge",medium,csv
That is always when you need it most,positive,no_issue,need,low,csv
This one works well for any of my products,positive,no_issue,"products, works",low,csv
I bought this a little skeptical,negative,no_issue,"bought, little, skeptical",medium,csv
After I tried it I bought two more,negative,no_issue,"bought, tried",medium,csv
It works great and so far it has lasted for about 3 months,positive,no_issue,"far, great, lasted, months, works",low,csv
If that changes I will update this review,negative,no_issue,"changes, review, update",medium,csv
This doesn't work with my iPad,negative,no_issue,"doesn, ipad, work",medium,csv
I am disappointed that the 1A didn't work with my iPad,negative,no_issue,"1a, didn, disappointed, ipad, work",medium,csv
That's what I get for buying a cheap adapter,negative,no_issue,"adapter, buying, cheap",medium,csv
Solid Charger but RF noisy,negative,performance_issue,"charger, noisy, rf, solid",high,csv
This is a nice charger but you can tell it was made cheaply in China,negative,no_issue,"charger, cheaply, china, nice, tell",medium,csv
"When it is charging the phone, the car radio gets LOTS of static",negative,performance_issue,"car, charging, gets, lots, phone",high,csv
Not so much that I have to stop charging but like when you are near power lines and the radio station is far away,negative,performance_issue,"away, charging, far, like, lines",high,csv
"I gave it 4 stars because it works fine for me, but if you listen to the radio, you might consider it is more like 2 or 3 stars",positive,no_issue,"consider, fine, gave, like, stars",low,csv
After a week only one side works,negative,no_issue,"week, works",medium,csv
Yo get exactly what you order in a timely fashion,positive,no_issue,"exactly, fashion, order, timely, yo",low,csv
And the item is just as described,positive,no_issue,"described, item, just",low,csv
Great buy if you ask me,positive,no_issue,"ask, buy, great",low,csv
USB slots in a blue light that never quits,positive,design_issue,"blue, light, quits, slots, usb",low,csv
This is a terribly awesome product in my Subaru's console,positive,no_issue,"awesome, console, product, subaru, terribly",low,csv
"Passengers love it, I love it because it emits a blue glow, because it has held up to abuse over the years and performs like new",positive,no_issue,"abuse, blue, emits, glow, love",low,csv
I've bough a munch of different things like this over the years,positive,no_issue,"bough, different, like, munch, things",low,csv
"Most wouldn't stay in the jack, or would give out after a few days",negative,no_issue,"days, jack, stay, wouldn",medium,csv
"don't waste your money, pay more and buy one at Walgreen s",negative,no_issue,"buy, don, money, pay, walgreen",medium,csv
Only works one side at a time,negative,no_issue,"time, works",medium,csv
"When you connect two cables, one side stop working and also overheated burning the fuses",negative,design_issue,"burning, cables, connect, fuses, overheated",high,csv
I purchased two of them and it's the same problem,negative,no_issue,"problem, purchased",medium,csv
it works great i like i can charge two thing at the same now i dont have to wait for my to finish charging her phone,positive,performance_issue,"charge, charging, dont, finish, great",low,csv
"this is a review by Jude Chukwuma Benyeogor ""jcb"" (id A2I7NEVKSJ5UWR) for product 6073894996",negative,no_issue,"6073894996, a2i7nevksj5uwr, benyeogor, chukwuma, id",medium,txt
"they basically said: It came at last, good looking and the price was good and i believe it is worth the time I waited for it to come to me good job

they gave it like 4",positive,design_issue,"basically, believe, came, come, good",low,txt
"0 stars i guess, summary was something like ""good job""",positive,no_issue,"good, guess, job, like, stars",low,txt
helpful votes?? 0 out of 0 lol,negative,no_issue,"helpful, lol, votes",medium,txt
"review was around 03 27, 2014 (unix 1395878400)",negative,no_issue,"03, 1395878400, 2014, 27, review",medium,txt
this is a review by pissed off (id A2B8HBZPIFYRV1) for product 6073894996,negative,no_issue,"6073894996, a2b8hbzpifyrv1, id, pissed, product",medium,txt
"they basically said: works great and charges ipads, tablets, smartphones as well as bluetooth speakers and headsets",positive,no_issue,"basically, bluetooth, charges, great, headsets",low,txt
I would recommend it to anyone looking for a universal car charger,positive,no_issue,"car, charger, looking, recommend, universal",low,txt
they gave it like 4,positive,no_issue,"gave, like",low,txt
"0 stars i guess, summary was something like ""Good little charger""",positive,no_issue,"charger, good, guess, like, little",low,txt
helpful votes?? 0 out of 0 lol,negative,no_issue,"helpful, lol, votes",medium,txt
"review was around 01 26, 2014 (unix 1390694400)",negative,no_issue,"01, 1390694400, 2014, 26, review",medium,txt
this is a review by PWB Esq (id A5A4374R8I7NB) for product 6073894996,negative,no_issue,"6073894996, a5a4374r8i7nb, esq, id, product",medium,txt
"they basically said: I could only give this USB car charger 2 stars because although it worked fine for about 3 months, it subsequently died on me",negative,no_issue,"basically, car, charger, died, fine",medium,txt
"Pros:-Has 2 USB ports for charging, one (the top) is 2",negative,performance_issue,"charging, ports, pros, usb",high,txt
"The bottom slot is lower, presumably 1 or 1",negative,design_issue,"lower, presumably, slot",high,txt
-Fits well in my charging socket - holds tight,positive,performance_issue,"charging, fits, holds, socket, tight",low,txt
I've had some that were loose in my charging socket,negative,performance_issue,"charging, loose, socket, ve",high,txt
"-Works well to charge my iPhone in the top slot and the bottom slot works with most Android phones, except the very high end ones",positive,performance_issue,"android, charge, end, slot, works",low,txt
-Has a blue LED light to tell you it is on and ready to charge,positive,no_issue,"blue, charge, led, light, ready",low,txt
-The USB sockets seem to be well made and tightly fit all my cables,positive,performance_issue,"cables, fit, sockets, tightly, usb",low,txt
-It cost less than $2,negative,no_issue,cost,medium,txt
Cons:-It died on me after 3 months,negative,no_issue,"cons, died, months",medium,txt
I had really enjoyed using this USB charger,positive,no_issue,"charger, enjoyed, really, usb, using",low,txt
It rapidly charged my iPhone and worked well with charging the phones of my family and friends,positive,performance_issue,"charged, charging, family, friends, iphone",low,txt
"The two slot design makes this design very handy; with a 1 slot design, no one else can charge their device unless I remove my cord",positive,design_issue,"charge, cord, design, device, slot",low,txt
"Of course, after this charger died, I had to go back to the 1 slot design I was using before",negative,design_issue,"charger, course, design, died, slot",high,txt
"After 3 months, I began to notice the LED light flickering",positive,performance_issue,"began, flickering, led, light, months",low,txt
It was less than a week later that is quit working permanently,negative,no_issue,"later, permanently, quit, week, working",medium,txt
"I'm not sure what the problem was - faulty wiring, bad design, I guess I'll never know",negative,design_issue,"bad, design, faulty, guess, know",high,txt
"I thought about getting another since they are so cheap, but then I thought better of it",negative,no_issue,"better, cheap, getting, thought",medium,txt
Maybe they are so cheap because they are simply disposable after a short period of time,negative,no_issue,"cheap, disposable, maybe, period, short",medium,txt
"For whatever reason, it died and I was forced to look for another 2 slot design - I haven't found one in my price range yet",negative,design_issue,"design, died, forced, haven, look",high,txt
they gave it like 2,positive,no_issue,"gave, like",low,txt
"0 stars i guess, summary was something like ""Works Fine, But It Died On ME""",negative,no_issue,"died, fine, guess, like, stars",medium,txt
helpful votes?? 1 out of 1 lol,negative,no_issue,"helpful, lol, votes",medium,txt
"review was around 06 25, 2012 (unix 1340582400)",negative,no_issue,"06, 1340582400, 2012, 25, review",medium,txt
this is a review by R,positive,no_issue,review,low,txt
Baker (id A1OWZHEQ5UCSAN) for product 6073894996,negative,no_issue,"6073894996, a1owzheq5ucsan, baker, id, product",medium,txt
"they basically said: This charger works great and is short, unlike most chargers",negative,no_issue,"basically, charger, chargers, great, said",medium,txt
It does a great job with charging both my phone and my GPS when I am in the car,positive,performance_issue,"car, charging, does, gps, great",low,txt
Great value and easy on the wallet,positive,no_issue,"easy, great, value, wallet",low,txt
they gave it like 5,positive,no_issue,"gave, like",low,txt
"0 stars i guess, summary was something like ""Great Dual Charger""",positive,no_issue,"charger, dual, great, guess, like",low,txt
helpful votes?? 0 out of 0 lol,negative,no_issue,"helpful, lol, votes",medium,txt
"review was around 02 7, 2013 (unix 1360195200)",negative,no_issue,"02, 1360195200, 2013, review, unix",medium,txt
this is a review by Ronaldo (id A25TQLMIAPI1T6) for product 6073894996,negative,no_issue,"6073894996, a25tqlmiapi1t6, id, product, review",medium,txt
they basically said: I bought 2 of this and tried to test first,negative,no_issue,"basically, bought, said, test, tried",medium,txt
"after few minutes of charging, it felt hot",negative,performance_issue,"charging, felt, hot, minutes",high,txt
Pulled it out and the product smelled burnt,negative,performance_issue,"burnt, product, pulled, smelled",high,txt
Tried the other one too and same thing,negative,no_issue,"thing, tried",medium,txt
"this one could be fire hazard or could potentially destroy the electrical system

they gave it like 1",negative,design_issue,"destroy, electrical, gave, hazard, like",high,txt
"0 stars i guess, summary was something like ""Be careful""",negative,no_issue,"careful, guess, like, stars, summary",medium,txt
helpful votes?? 0 out of 0 lol,negative,no_issue,"helpful, lol, votes",medium,txt
"review was around 06 22, 2014 (unix 1403395200)",negative,no_issue,"06, 1403395200, 2014, 22, review",medium,txt
"this is a review by ruthptb ""Ruth Root"" (id A382RYVVZOJ8PX) for product 6073894996",negative,no_issue,"6073894996, a382ryvvzoj8px, id, product, review",medium,txt
they basically said: This portable USB Port car charger is a must have for people on the go,negative,no_issue,"basically, car, charger, people, port",medium,txt
"Pair this with an extra or spare cord and you are good to go!

they gave it like 5",positive,no_issue,"cord, extra, gave, good, like",low,txt
"0 stars i guess, summary was something like ""A must have for people on the go""",positive,no_issue,"guess, like, people, stars, summary",low,txt
helpful votes?? 0 out of 1 lol,negative,no_issue,"helpful, lol, votes",medium,txt
"review was around 04 5, 2013 (unix 1365120000)",negative,no_issue,"04, 1365120000, 2013, review, unix",medium,txt
this is a review by Ryan (id A3GTTANAYUVSDY) for product 6073894996,negative,no_issue,"6073894996, a3gttanayuvsdy, id, product, review",medium,txt
"they basically said: I love the way it can charge 2 devices at once!  Seems to charge quicker without GPS on, with it on, it only holds the battery, but better than it dying!!!

they gave it like 4",positive,performance_issue,"basically, battery, better, charge, devices",low,txt
"0 stars i guess, summary was something like ""Works best without location/GPS on device""",positive,no_issue,"best, device, gps, guess, like",low,txt
helpful votes?? 0 out of 0 lol,negative,no_issue,"helpful, lol, votes",medium,txt
"review was around 05 23, 2014 (unix 1400803200)",negative,no_issue,"05, 1400803200, 2014, 23, review",medium,txt
this is a review by S,positive,no_issue,review,low,txt
"Coward ""MrsCoward"" (id A16EFGT2PLZT34) for product 6073894996",negative,no_issue,"6073894996, a16efgt2plzt34, coward, id, mrscoward",medium,txt
they basically said: Bought so we could charge to phones at the same time while in the car from the same port,negative,no_issue,"basically, bought, car, charge, phones",medium,txt
they gave it like 4,positive,no_issue,"gave, like",low,txt
"0 stars i guess, summary was something like ""Works""",positive,no_issue,"guess, like, stars, summary, works",low,txt
helpful votes?? 0 out of 0 lol,negative,no_issue,"helpful, lol, votes",medium,txt
"review was around 09 4, 2013 (unix 1378252800)",negative,no_issue,"09, 1378252800, 2013, review, unix",medium,txt
this is a review by Tore (id A2Q7SZISE1RXQQ) for product 6073894996,negative,no_issue,"6073894996, a2q7szise1rxqq, id, product, review",medium,txt
they basically said: I received this product before I expected,negative,no_issue,"basically, expected, product, received, said",medium,txt
It looks pretty good and It works with my Iphone (3GS) and my phone (HTC Evo V 3D),positive,performance_issue,"3d, 3gs, evo, good, htc",low,txt
"It is a good deal because It is not easy to find something like this for this price

they gave it like 4",positive,no_issue,"deal, easy, gave, good, like",low,txt
"0 stars i guess, summary was something like ""Pretty good""",positive,no_issue,"good, guess, like, pretty, stars",low,txt
helpful votes?? 0 out of 0 lol,negative,no_issue,"helpful, lol, votes",medium,txt
"review was around 10 18, 2012 (unix 1350518400)",negative,no_issue,"10, 1350518400, 18, 2012, review",medium,txt
this is a review by Voiceover Guy (id A8VI7KMUHI7ZH) for product 6073894996,negative,no_issue,"6073894996, a8vi7kmuhi7zh, guy, id, product",medium,txt
"they basically said: I have several of these, from various retailers, all the same, each made in some anonymous Chinese factory, all exactly alike",positive,no_issue,"alike, anonymous, basically, chinese, exactly",low,txt
"They really do work, and they do deliver 2",positive,no_issue,"deliver, really, work",low,txt
0 power as they say they will do,negative,no_issue,"power, say",medium,txt
"You wouldn't expect much QC for a $2 electrical product, but they each work just fine",positive,no_issue,"electrical, expect, fine, just, product",low,txt
"They don't last forever-- about a year or two of active daily use seems about par, then they suddenly die",negative,unexpected_behavior,"active, daily, die, don, forever",high,txt
So do have some replacements on hand,negative,no_issue,"hand, replacements",medium,txt
"At this price, no problem",positive,no_issue,"price, problem",low,txt
"Yes, they work with both my iPhone and iPad",positive,no_issue,"ipad, iphone, work, yes",low,txt
Also with every other USB device I've needed to charge,negative,performance_issue,"charge, device, needed, usb, ve",high,txt
The LED light that indicates you are plugged in correctly is very helpful,positive,performance_issue,"correctly, helpful, indicates, led, light",low,txt
These are great for rental cars and travel,positive,no_issue,"cars, great, rental, travel",low,txt
"If you leave one behind, hey, it's only $2",negative,no_issue,"hey, leave",medium,txt
I'm totally pleased with these clever little gems,positive,no_issue,"clever, gems, little, pleased, totally",low,txt
"I wouldn't be without a couple, especially for travel",positive,no_issue,"couple, especially, travel, wouldn",low,txt
they gave it like 5,positive,no_issue,"gave, like",low,txt
"0 stars i guess, summary was something like ""Great DC Charger, Works Great, $2 Value""",positive,no_issue,"charger, dc, great, guess, like",low,txt
helpful votes?? 0 out of 0 lol,negative,no_issue,"helpful, lol, votes",medium,txt
"review was around 06 15, 2014 (unix 1402790400)",negative,no_issue,"06, 1402790400, 15, 2014, review",medium,txt
this is a review by Wei (id A3HWOEJ6BK7B7M) for product 6073894996,negative,no_issue,"6073894996, a3hwoej6bk7b7m, id, product, review",medium,txt
they basically said: good product at low price,positive,no_issue,"basically, good, low, price, product",low,txt
purchased this looking for a smaller charger and I love Griffin products,positive,performance_issue,"charger, griffin, looking, love, products",low,txt
"Free shipping just took a little longer

they gave it like 5",negative,no_issue,"free, gave, just, like, little",medium,txt
"0 stars i guess, summary was something like ""good product at low price""",positive,no_issue,"good, guess, like, low, price",low,txt
helpful votes?? 0 out of 0 lol,negative,no_issue,"helpful, lol, votes",medium,txt
"review was around 05 7, 2014 (unix 1399420800)",negative,no_issue,"05, 1399420800, 2014, review, unix",medium,txt
this is a review by Levi Bowen (id A30A04FS5YAES3) for product 6073894996,negative,no_issue,"6073894996, a30a04fs5yaes3, bowen, id, levi",medium,txt
they basically said: Didn't last very long,negative,no_issue,"basically, didn, long, said",medium,txt
Worked great when it worked but it is a cheap piece of plastic crap so I shouldn't have expected it to last,negative,no_issue,"cheap, crap, expected, great, worked",medium,txt
they gave it like 2,positive,no_issue,"gave, like",low,txt
"0 stars i guess, summary was something like ""Works for a while",negative,no_issue,"guess, like, stars, summary, works",medium,txt
helpful votes?? 0 out of 0 lol,negative,no_issue,"helpful, lol, votes",medium,txt
"review was around 08 23, 2013 (unix 1377216000)",negative,no_issue,"08, 1377216000, 2013, 23, review",medium,txt
this is a review by Yeoman Johnson (id A347LTN4RU2FL1) for product 6073894996,negative,no_issue,"6073894996, a347ltn4ru2fl1, id, johnson, product",medium,txt
they basically said: I use this in my car to charge my phone and my iPod as needed,negative,no_issue,"basically, car, charge, ipod, needed",medium,txt
"It works well, but the bright blue light can be annoying when driving at night",negative,no_issue,"annoying, blue, bright, driving, light",medium,txt
"Overall, a very good deal",positive,no_issue,"deal, good, overall",low,txt
they gave it like 4,positive,no_issue,"gave, like",low,txt
"0 stars i guess, summary was something like ""Works as advertised""",negative,no_issue,"advertised, guess, like, stars, summary",medium,txt
helpful votes?? 0 out of 0 lol,negative,no_issue,"helpful, lol, votes",medium,txt
"review was around 01 29, 2013 (unix 1359417600)",negative,no_issue,"01, 1359417600, 2013, 29, review",medium,txt
this is a review by Allana (id A2G38P52ZF5TTH) for product 7532385086,negative,no_issue,"7532385086, a2g38p52zf5tth, allana, id, product",medium,txt
they basically said: I love this case! It's so pretty,positive,no_issue,"basically, case, love, pretty, said",low,txt
And I love the way the case feels to the touch because of the rubber,positive,no_issue,"case, feels, love, rubber, touch",low,txt
"Very happy!

they gave it like 5",positive,no_issue,"gave, happy, like",low,txt
"0 stars i guess, summary was something like ""I recommend""",positive,no_issue,"guess, like, recommend, stars, summary",low,txt
helpful votes?? 3 out of 3 lol,negative,no_issue,"helpful, lol, votes",medium,txt
"review was around 02 2, 2011 (unix 1296604800)",negative,no_issue,"02, 1296604800, 2011, review, unix",medium,txt
this is a review by Brittany (id A3Q6C95EFP4FEX) for product 7532385086,negative,no_issue,"7532385086, a3q6c95efp4fex, brittany, id, product",medium,txt
they basically said: The idea of the design is a sweet idea but it wears off as the paint is over the case and not under a sealant or anything,negative,design_issue,"basically, case, design, idea, paint",high,txt
It has a cool 3D effect but at the cost of the paint rubbing off,negative,design_issue,"3d, cool, cost, effect, paint",high,txt
It is quite pretty though,positive,design_issue,"pretty, quite",low,txt
they gave it like 3,positive,no_issue,"gave, like",low,txt
"0 stars i guess, summary was something like ""Nice""",positive,no_issue,"guess, like, nice, stars, summary",low,txt
helpful votes?? 0 out of 0 lol,negative,no_issue,"helpful, lol, votes",medium,txt
"review was around 02 2, 2012 (unix 1328140800)",negative,no_issue,"02, 1328140800, 2012, review, unix",medium,txt
this is a review by C,positive,no_issue,review,low,txt
"Groves ""~The Connie"" (id A2GHDKZBYXGAPY) for product 7532385086",negative,no_issue,"7532385086, a2ghdkzbyxgapy, connie, groves, id",medium,txt
they basically said: I was worried about this order because the picture on the description page kept changing to a less-desireable green/orange cover,negative,design_issue,"basically, changing, cover, description, desireable",high,txt
"But alas, it came a day earlier than expected, and the beautiful pink product expected!  The ""rubberized"" cover feels a little greasy (like it was armor-all'd), but the design is gorgeous and a little 3D looking!

they gave it like 5",positive,design_issue,"expected, like, little, looking, pink",low,txt
"0 stars i guess, summary was something like ""Perfect!""",positive,no_issue,"guess, like, perfect, stars, summary",low,txt
helpful votes?? 0 out of 0 lol,negative,no_issue,"helpful, lol, votes",medium,txt
"review was around 07 18, 2012 (unix 1342569600)",negative,no_issue,"07, 1342569600, 18, 2012, review",medium,txt
this is a review by Grandma in NH (id A2Y33PMFKII0VR) for product 7532385086,negative,no_issue,"7532385086, a2y33pmfkii0vr, grandma, id, nh",medium,txt
they basically said: Another pretty phone case that I really love,positive,no_issue,"basically, case, love, phone, pretty",low,txt
I have many as I love t o change them around,positive,no_issue,"change, love",low,txt
"thanks

they gave it like 5",positive,no_issue,"gave, like, thanks",low,txt
"0 stars i guess, summary was something like ""Pretty""",positive,no_issue,"guess, like, pretty, stars, summary",low,txt
helpful votes?? 0 out of 0 lol,negative,no_issue,"helpful, lol, votes",medium,txt
"review was around 02 15, 2013 (unix 1360886400)",negative,no_issue,"02, 1360886400, 15, 2013, review",medium,txt
this is a review by Krystal (id A3S8BPAUQQLDKU) for product 7532385086,negative,no_issue,"7532385086, a3s8bpauqqldku, id, krystal, product",medium,txt
"they basically said: The case is not white, its more of a silver",negative,design_issue,"basically, case, said, silver, white",high,txt
It's still a very pretty case- it fit my phone perfectly,positive,no_issue,"case, fit, perfectly, phone, pretty",low,txt
It took too long to arrive,negative,performance_issue,"arrive, long, took",high,txt
they gave it like 4,positive,no_issue,"gave, like",low,txt
"0 stars i guess, summary was something like ""Not what I expected",negative,no_issue,"expected, guess, like, stars, summary",medium,txt
helpful votes?? 0 out of 0 lol,negative,no_issue,"helpful, lol, votes",medium,txt
"review was around 12 8, 2012 (unix 1354924800)",negative,no_issue,"12, 1354924800, 2012, review, unix",medium,txt
this is a review by Lisa Hall (id AKUQOY3DJX96J) for product 7532385086,negative,no_issue,"7532385086, akuqoy3djx96j, hall, id, lisa",medium,txt
they basically said: Defintiely worth the price,positive,no_issue,"basically, defintiely, price, said, worth",low,txt
Most cases are $15 and up especially at the cell phone stores,negative,performance_issue,"15, cases, cell, especially, phone",high,txt
"I can't believe the mark up on these things!

they gave it like 4",positive,no_issue,"believe, gave, like, mark, things",low,txt
"0 stars i guess, summary was something like ""Worth the price""",positive,no_issue,"guess, like, price, stars, summary",low,txt
helpful votes?? 0 out of 0 lol,negative,no_issue,"helpful, lol, votes",medium,txt
"review was around 12 28, 2012 (unix 1356652800)",negative,no_issue,"12, 1356652800, 2012, 28, review",medium,txt
this is a review by Mayra (id A2Y937AV46ULWQ) for product 6073894996,negative,no_issue,"6073894996, a2y937av46ulwq, id, mayra, product",medium,txt
"they basically said: excellent product, works great , have easy handling, and good quality as it is announced",positive,no_issue,"announced, basically, easy, excellent, good",low,txt
"reached as is shown time and in very good condition thank you very much for everything

they gave it like 4",positive,no_issue,"condition, gave, good, like, reached",low,txt
"0 stars i guess, summary was something like ""good""",positive,no_issue,"good, guess, like, stars, summary",low,txt
helpful votes?? 0 out of 0 lol,negative,no_issue,"helpful, lol, votes",medium,txt
"review was around 04 13, 2014 (unix 1397347200)",negative,no_issue,"04, 13, 1397347200, 2014, review",medium,txt
this is a review by Michael A,positive,no_issue,"michael, review",low,txt
"Rowley ""Nick Danger"" (id A2KP65JS3YY5VL) for product 6073894996",negative,no_issue,"6073894996, a2kp65js3yy5vl, danger, id, nick",medium,txt
they basically said: Purchased two and we put one in each car,negative,no_issue,"basically, car, purchased, said",medium,txt
Now we charge our ipad and iohone together,negative,no_issue,"charge, iohone, ipad",medium,txt
Can also use to power my Galaxy Note 2 or recharge other USB devices,negative,no_issue,"devices, galaxy, note, power, recharge",medium,txt
"If you have to think about it you need counseling

they gave it like 5",negative,no_issue,"counseling, gave, like, need, think",medium,txt
"0 stars i guess, summary was something like ""Works great",positive,no_issue,"great, guess, like, stars, summary",low,txt
helpful votes?? 0 out of 0 lol,negative,no_issue,"helpful, lol, votes",medium,txt
"review was around 01 13, 2013 (unix 1358035200)",negative,no_issue,"01, 13, 1358035200, 2013, review",medium,txt
this is a review by M,positive,no_issue,review,low,txt
Johns (id A2L6BH090TX9O7) for product 6073894996,negative,no_issue,"6073894996, a2l6bh090tx9o7, id, johns, product",medium,txt
"they basically said: great charger for 2 devices and i haven't had any problems so far 3yrs now

they gave it like 5",positive,no_issue,"3yrs, basically, charger, devices, far",low,txt
"0 stars i guess, summary was something like ""Five Stars""",negative,no_issue,"guess, like, stars, summary",medium,txt
helpful votes?? 0 out of 0 lol,negative,no_issue,"helpful, lol, votes",medium,txt
"review was around 08 2, 2013 (unix 1375401600)",negative,no_issue,"08, 1375401600, 2013, review, unix",medium,txt
this is a review by MS,positive,no_issue,"ms, review",low,txt
J (id ABDDX2PV61RMX) for product 6073894996,negative,no_issue,"6073894996, abddx2pv61rmx, id, product",medium,txt
they basically said: Purchased product about many a month ago,negative,no_issue,"ago, basically, month, product, purchased",medium,txt
Pros: Loved it work just fine!! Cool Blue light feature when you plug it into the lighter!! Can plug in two things at one time,positive,performance_issue,"blue, cool, feature, fine, plug",low,txt
"Con: Top clear piece came off easily overtime (I just put clear tape around the top) TOTAL: PROS:95% CONS:5%

they gave it like 4",negative,no_issue,"95, came, clear, cons, easily",medium,txt
"0 stars i guess, summary was something like ""Dual USB Port Car Charger""",negative,no_issue,"car, charger, dual, guess, like",medium,txt
helpful votes?? 0 out of 0 lol,negative,no_issue,"helpful, lol, votes",medium,txt
"review was around 11 29, 2012 (unix 1354147200)",negative,no_issue,"11, 1354147200, 2012, 29, review",medium,txt
this is a review by Owner (id A9VL5ER8D0K2Z) for product 6073894996,negative,no_issue,"6073894996, a9vl5er8d0k2z, id, owner, product",medium,txt
they basically said: I bought this so that I could use and charge my Tab at the same time,negative,no_issue,"basically, bought, charge, said, tab",medium,txt
"My tab does not recognize the high power port and will either charge while off or use power while on, it will not charge while powered on",negative,performance_issue,"charge, does, high, port, power",high,txt
they gave it like 2,positive,no_issue,"gave, like",low,txt
"0 stars i guess, summary was something like ""not high power""",negative,no_issue,"guess, high, like, power, stars",medium,txt
helpful votes?? 0 out of 0 lol,negative,no_issue,"helpful, lol, votes",medium,txt
"review was around 05 5, 2012 (unix 1336176000)",negative,no_issue,"05, 1336176000, 2012, review, unix",medium,txt
this is a review by Patricia Hagan (id A2NTV6MHFXP4M) for product 6073894996,negative,no_issue,"6073894996, a2ntv6mhfxp4m, hagan, id, patricia",medium,txt
they basically said: I bought this to charge my iphone and tablet in the car,negative,no_issue,"basically, bought, car, charge, iphone",medium,txt
works for iphone but not the tablet,negative,no_issue,"iphone, tablet, works",medium,txt
I needed a stronger charge for that but this is still great for both iphoe and ipod together,positive,no_issue,"charge, great, iphoe, ipod, needed",low,txt
"it's cheap, small and compact

they gave it like 5",negative,no_issue,"cheap, compact, gave, like, small",medium,txt
"0 stars i guess, summary was something like ""works""",positive,no_issue,"guess, like, stars, summary, works",low,txt
helpful votes?? 0 out of 0 lol,negative,no_issue,"helpful, lol, votes",medium,txt
"review was around 02 8, 2013 (unix 1360281600)",negative,no_issue,"02, 1360281600, 2013, review, unix",medium,txt
this is a review by Paul Rowland (id A10W7D1W5M4CHE) for product 6073894996,negative,no_issue,"6073894996, a10w7d1w5m4che, id, paul, product",medium,txt
they basically said: Works great,positive,no_issue,"basically, great, said, works",low,txt
The blue led light is a nice touch in the car,positive,no_issue,"blue, car, led, light, nice",low,txt
We charge a Samsung and Iphone using this outlet,negative,no_issue,"charge, iphone, outlet, samsung, using",medium,txt
they gave it like 5,positive,no_issue,"gave, like",low,txt
"0 stars i guess, summary was something like ""USB Outlet""",negative,no_issue,"guess, like, outlet, stars, summary",medium,txt
helpful votes?? 0 out of 0 lol,negative,no_issue,"helpful, lol, votes",medium,txt
"review was around 02 1, 2013 (unix 1359676800)",negative,no_issue,"02, 1359676800, 2013, review, unix",medium,txt
"Summary 1
Reviewer: Pen (ID: AARIXIQYNH38W)
Product ID: 7532385086

This review highlights that the product was generally described as: This is a great case",positive,no_issue,"7532385086, aarixiqynh38w, case, id, product",low,docx
It fit my phone perfectly and I still use it from time to time,positive,performance_issue,"fit, perfectly, phone, time, use",low,docx
"Would recommend

Overall, the user rated the product 5",positive,no_issue,"overall, product, rated, recommend, user",low,docx
"0 stars, indicating a positive experience",positive,no_issue,"experience, indicating, positive, stars",low,docx
"The summary provided by the reviewer was ""Great""",positive,no_issue,"great, provided, reviewer, summary",low,docx
Helpfulness votes: 0 out of 0,positive,no_issue,"helpfulness, votes",low,docx
"Review Date: 05 31, 2013 (Unix: 1369958400)",negative,no_issue,"05, 1369958400, 2013, 31, date",medium,docx
"Summary 10
Reviewer: Kelly-Ann Johnson (ID: A3J38WFKNT2MFX)
Product ID: 7887421268

This review highlights that the product was generally described as: It looked like it was used! It was broken when it got to be the paint job was horrible",negative,durability_issue,"id, paint, product, review, reviewer",high,docx
"I would never get it again

Overall, the user rated the product 2",positive,no_issue,"overall, product, rated, user",low,docx
"0 stars, indicating a negative experience",negative,no_issue,"experience, indicating, negative, stars",medium,docx
"The summary provided by the reviewer was ""Don't waste your money!""",positive,no_issue,"don, money, provided, reviewer, summary",low,docx
Helpfulness votes: 0 out of 0,positive,no_issue,"helpfulness, votes",low,docx
"Review Date: 07 12, 2013 (Unix: 1373587200)",negative,no_issue,"07, 12, 1373587200, 2013, date",medium,docx
"Summary 11
Reviewer: kkkeown (ID: A17E8FKH09XAY2)
Product ID: 7887421268

This review highlights that the product was generally described as: This case for some reason is peeling, there isn't much left of the orginal skin, i  loved the case with pink being my favorite color but i wouldn't recommend this specific one for anyone",negative,no_issue,"11, case, id, product, specific",medium,docx
"Overall, the user rated the product 1",positive,no_issue,"overall, product, rated, user",low,docx
"0 stars, indicating a negative experience",negative,no_issue,"experience, indicating, negative, stars",medium,docx
"The summary provided by the reviewer was ""bad experience""",negative,no_issue,"bad, experience, provided, reviewer, summary",medium,docx
Helpfulness votes: 0 out of 0,positive,no_issue,"helpfulness, votes",low,docx
"Review Date: 07 9, 2012 (Unix: 1341792000)",negative,no_issue,"07, 1341792000, 2012, date, review",medium,docx
"Summary 12
Reviewer: melisa lovewell (ID: A1C71EMHZRUWNT)
Product ID: 7887421268

This review highlights that the product was generally described as: Its rubberized doesn't look like it in the picture but it is It's really cute I love this case used it for awhile but I switch out cases like I do my shoes",positive,no_issue,"12, id, like, product, summary",low,docx
"Overall, the user rated the product 5",positive,no_issue,"overall, product, rated, user",low,docx
"0 stars, indicating a positive experience",positive,no_issue,"experience, indicating, positive, stars",low,docx
"The summary provided by the reviewer was ""Love it""",positive,no_issue,"love, provided, reviewer, summary",low,docx
Helpfulness votes: 0 out of 0,positive,no_issue,"helpfulness, votes",low,docx
"Review Date: 02 19, 2013 (Unix: 1361232000)",negative,no_issue,"02, 1361232000, 19, 2013, date",medium,docx
"Summary 13
Reviewer: patricia t",positive,no_issue,"13, patricia, reviewer, summary",low,docx
"""patricia tolman"" (ID: AJDJ6SQUDORP6)
Product ID: 7887421268

This review highlights that the product was generally described as: Received this in about a weeks time",positive,no_issue,"7887421268, ajdj6squdorp6, described, id, product",low,docx
Very nice actually considering how cheap the price was,positive,no_issue,"actually, cheap, considering, nice, price",low,docx
It's a pink/purple with black leopard spots and has a very nice feel to it,positive,design_issue,"black, feel, leopard, nice, pink",low,docx
"I haven't tried to remove it yet, but hopefully it won't give me any trouble when I do want to change covers",positive,no_issue,"change, covers, haven, hopefully, remove",low,docx
"Overall, the user rated the product 5",positive,no_issue,"overall, product, rated, user",low,docx
"0 stars, indicating a positive experience",positive,no_issue,"experience, indicating, positive, stars",low,docx
"The summary provided by the reviewer was ""good deal""",positive,no_issue,"deal, good, provided, reviewer, summary",low,docx
Helpfulness votes: 0 out of 0,positive,no_issue,"helpfulness, votes",low,docx
"Review Date: 10 21, 2011 (Unix: 1319155200)",negative,no_issue,"10, 1319155200, 2011, 21, date",medium,docx
"Summary 14
Reviewer: Shelby Beaver (ID: A1Q8EBW9PB0H93)
Product ID: 7887421268

This review highlights that the product was generally described as: This case was by far the best case I bought for this phone",positive,no_issue,"14, case, id, product, reviewer",low,docx
"It is very stylish and I received many compliments

Overall, the user rated the product 5",positive,no_issue,"compliments, overall, product, rated, received",low,docx
"0 stars, indicating a positive experience",positive,no_issue,"experience, indicating, positive, stars",low,docx
"The summary provided by the reviewer was ""stylish!""",positive,no_issue,"provided, reviewer, stylish, summary",low,docx
Helpfulness votes: 0 out of 0,positive,no_issue,"helpfulness, votes",low,docx
"Review Date: 05 15, 2014 (Unix: 1400112000)",negative,no_issue,"05, 1400112000, 15, 2014, date",medium,docx
"Summary 15
Reviewer: Super Mom! ""GA Peach"" (ID: AY9MQ4QNQDU5B)
Product ID: 7887421268

This review highlights that the product was generally described as: This is the cutest case EVER!  I love it because it was easy to apply",positive,no_issue,"15, id, product, review, reviewer",low,docx
"I had to switch from the rubber one because after so many uses, it wears out like the bottom hem of a sweater that has been stretched",negative,no_issue,"hem, like, rubber, stretched, sweater",medium,docx
This case keeps my phone intact and protected at the same time,positive,no_issue,"case, intact, keeps, phone, protected",low,docx
"WOO HOO!!

Overall, the user rated the product 5",positive,no_issue,"hoo, overall, product, rated, user",low,docx
"0 stars, indicating a positive experience",positive,no_issue,"experience, indicating, positive, stars",low,docx
"The summary provided by the reviewer was ""SOOO CUTE AND AFFORDABLE!""",positive,no_issue,"affordable, cute, provided, reviewer, sooo",low,docx
Helpfulness votes: 2 out of 2,positive,no_issue,"helpfulness, votes",low,docx
"Review Date: 12 9, 2011 (Unix: 1323388800)",negative,no_issue,"12, 1323388800, 2011, date, review",medium,docx
"Summary 16
Reviewer: xsi user (ID: A3UFJDFSLI21AT)
Product ID: 7887421268

This review highlights that the product was generally described as: my daughter liked it for a few days and then i didnt see it anymore on the phone",negative,no_issue,"16, id, product, reviewer, summary",medium,docx
Use your judgement on that one,negative,no_issue,"judgement, use",medium,docx
"Overall, the user rated the product 5",positive,no_issue,"overall, product, rated, user",low,docx
"0 stars, indicating a positive experience",positive,no_issue,"experience, indicating, positive, stars",low,docx
"The summary provided by the reviewer was ""plastic with suede""",negative,no_issue,"plastic, provided, reviewer, suede, summary",medium,docx
Helpfulness votes: 0 out of 0,positive,no_issue,"helpfulness, votes",low,docx
"Review Date: 02 20, 2013 (Unix: 1361318400)",negative,no_issue,"02, 1361318400, 20, 2013, date",medium,docx
"Summary 17
Reviewer: Ana (ID: A205L2POTHUAR7)
Product ID: 8199406933

This review highlights that the product was generally described as: very good charger, it woks fine, no complaints!!! I would recommend it!! It was good, but not using it anymore!

Overall, the user rated the product 4",positive,no_issue,"17, good, id, product, user",low,docx
"0 stars, indicating a positive experience",positive,no_issue,"experience, indicating, positive, stars",low,docx
"The summary provided by the reviewer was ""Good charger!""",positive,no_issue,"charger, good, provided, reviewer, summary",low,docx
Helpfulness votes: 0 out of 0,positive,no_issue,"helpfulness, votes",low,docx
"Review Date: 11 11, 2013 (Unix: 1384128000)",negative,no_issue,"11, 1384128000, 2013, date, review",medium,docx
"Summary 18
Reviewer: Messy MakeUp Drawer ""Michelle MakeUp"" (ID: A2CCYTJQNBHFA0)
Product ID: 8199406933

This review highlights that the product was generally described as: This product arrived when promised and in the condition promised",negative,no_issue,"18, id, makeup, product, promised",medium,docx
It is a genuine Blackberry charger,positive,no_issue,"blackberry, charger, genuine",low,docx
It was brand new and worked perfectly,positive,no_issue,"brand, new, perfectly, worked",low,docx
"For the price, I don't think you can ask for much more than that!

Overall, the user rated the product 5",positive,no_issue,"ask, don, overall, price, product",low,docx
"0 stars, indicating a positive experience",positive,no_issue,"experience, indicating, positive, stars",low,docx
"The summary provided by the reviewer was ""Great buy, great quality""",positive,no_issue,"buy, great, provided, quality, reviewer",low,docx
Helpfulness votes: 0 out of 0,positive,no_issue,"helpfulness, votes",low,docx
"Review Date: 08 25, 2012 (Unix: 1345852800)",negative,no_issue,"08, 1345852800, 2012, 25, date",medium,docx
"Summary 19
Reviewer: Natica C",positive,no_issue,"19, natica, reviewer, summary",low,docx
"(ID: A1STLXG6FB22P2)
Product ID: 8199406933

This review highlights that the product was generally described as: Great product",positive,no_issue,"8199406933, a1stlxg6fb22p2, described, id, product",low,docx
Use this with my Galaxy S4,negative,no_issue,"galaxy, s4, use",medium,docx
At this price I bought 2 more,positive,no_issue,"bought, price",low,docx
One for work and one to keep in the car incase I ever travel and forget my charger,positive,no_issue,"car, charger, forget, incase, travel",low,docx
"Overall, the user rated the product 5",positive,no_issue,"overall, product, rated, user",low,docx
"0 stars, indicating a positive experience",positive,no_issue,"experience, indicating, positive, stars",low,docx
"The summary provided by the reviewer was ""Great charger and great price""",positive,no_issue,"charger, great, price, provided, reviewer",low,docx
Helpfulness votes: 0 out of 0,positive,no_issue,"helpfulness, votes",low,docx
"Review Date: 11 20, 2013 (Unix: 1384905600)",negative,no_issue,"11, 1384905600, 20, 2013, date",medium,docx
"Summary 2
Reviewer: Sunshine girl (ID: A11FEJGJ2YK25Z)
Product ID: 7532385086

This review highlights that the product was generally described as: Received this item very quickly",positive,no_issue,"7532385086, a11fejgj2yk25z, described, id, product",low,docx
The design is even more vivid than expected,positive,design_issue,"design, expected, vivid",low,docx
The cover is soft (rubberized) but durable,positive,durability_issue,"cover, durable, rubberized, soft",low,docx
I have received many compliments,positive,no_issue,"compliments, received",low,docx
"It was an excellent buy! I would recommend this to anyone wanting a ""good look"" for their phone",positive,no_issue,"buy, excellent, good, look, phone",low,docx
"Overall, the user rated the product 5",positive,no_issue,"overall, product, rated, user",low,docx
"0 stars, indicating a positive experience",positive,no_issue,"experience, indicating, positive, stars",low,docx
"The summary provided by the reviewer was ""better than expected!""",positive,no_issue,"better, expected, provided, reviewer, summary",low,docx
Helpfulness votes: 0 out of 0,positive,no_issue,"helpfulness, votes",low,docx
"Review Date: 06 15, 2012 (Unix: 1339718400)",negative,no_issue,"06, 1339718400, 15, 2012, date",medium,docx
"Summary 20
Reviewer: Onir Pernia ""Onir Pernia"" (ID: AZOFNVDHKYKNL)
Product ID: 8199406933

This review highlights that the product was generally described as: Honestly I have always loved this specific model, since you can just take it with you on the road not worrying if you end up losing it or leaving it where ever you go",positive,no_issue,"20, id, onir, pernia, product",low,docx
"Though it doesn't exactly meet the fast charging needs of high end phones, it works pretty well on all of them, you just need to be patient",positive,performance_issue,"charging, doesn, end, exactly, fast",low,docx
"Overall, the user rated the product 5",positive,no_issue,"overall, product, rated, user",low,docx
"0 stars, indicating a positive experience",positive,no_issue,"experience, indicating, positive, stars",low,docx
"The summary provided by the reviewer was ""Great multipurpose charger!""",positive,no_issue,"charger, great, multipurpose, provided, reviewer",low,docx
Helpfulness votes: 0 out of 0,positive,no_issue,"helpfulness, votes",low,docx
"Review Date: 06 19, 2013 (Unix: 1371600000)",negative,no_issue,"06, 1371600000, 19, 2013, date",medium,docx
"Summary 3
Reviewer: voidedlime (ID: A2NSS0L3NIU6CN)
Product ID: 7532385086

This review highlights that the product was generally described as: this cover makes an old phone look and feel new",negative,no_issue,"7532385086, id, product, review, reviewer",medium,docx
I like that I can order covers for little money and snazzy up my phone,negative,no_issue,"covers, like, little, money, order",medium,docx
"Overall, the user rated the product 4",positive,no_issue,"overall, product, rated, user",low,docx
"0 stars, indicating a positive experience",positive,no_issue,"experience, indicating, positive, stars",low,docx
"The summary provided by the reviewer was ""htc evo cover""",negative,no_issue,"cover, evo, htc, provided, reviewer",medium,docx
Helpfulness votes: 0 out of 0,positive,no_issue,"helpfulness, votes",low,docx
"Review Date: 09 9, 2012 (Unix: 1347148800)",negative,no_issue,"09, 1347148800, 2012, date, review",medium,docx
"Summary 4
Reviewer: 0902virgo (ID: A1PMGOX24BWDAZ)
Product ID: 7887421268

This review highlights that the product was generally described as: I loved the case when I first received it but shortly after, the case started to peel off at first i did not know what it was until i looked on the back of the case and it was missing spots",negative,no_issue,"0902virgo, case, id, product, spots",medium,docx
Guess sometimes a good deal is not really a good deal,negative,no_issue,"deal, good, guess, really",medium,docx
"Overall, the user rated the product 2",positive,no_issue,"overall, product, rated, user",low,docx
"0 stars, indicating a negative experience",negative,no_issue,"experience, indicating, negative, stars",medium,docx
"The summary provided by the reviewer was ""Loved it at first""",positive,no_issue,"loved, provided, reviewer, summary",low,docx
Helpfulness votes: 0 out of 0,positive,no_issue,"helpfulness, votes",low,docx
"Review Date: 08 6, 2012 (Unix: 1344211200)",negative,no_issue,"08, 1344211200, 2012, date, review",medium,docx
"Summary 5
Reviewer: California Love (ID: A115GM0PI28KP5)
Product ID: 7887421268

This review highlights that the product was generally described as: The color is more dark in person, and this isnt the best protection case",positive,no_issue,"7887421268, id, product, protection, review",low,docx
"I get a lot of compliments on the case, and it was easy to put on",positive,no_issue,"case, compliments, easy, lot",low,docx
"Overall, the user rated the product 4",positive,no_issue,"overall, product, rated, user",low,docx
"0 stars, indicating a positive experience",positive,no_issue,"experience, indicating, positive, stars",low,docx
"The summary provided by the reviewer was ""Cute""",positive,no_issue,"cute, provided, reviewer, summary",low,docx
Helpfulness votes: 0 out of 0,positive,no_issue,"helpfulness, votes",low,docx
"Review Date: 03 7, 2013 (Unix: 1362614400)",negative,no_issue,"03, 1362614400, 2013, date, review",medium,docx
"Paul Douglas (ID: A2AOF16F78BQK6)
Product ID: 7887421268

This review highlights that the product was generally described as: Simple to install and a great way to help protect your phone",positive,no_issue,"id, phone, product, protect, review",low,docx
My wife really liked the ability to change the look of her phone,positive,no_issue,"ability, change, liked, look, phone",low,docx
"Overall, the user rated the product 5",positive,no_issue,"overall, product, rated, user",low,docx
"0 stars, indicating a positive experience",positive,no_issue,"experience, indicating, positive, stars",low,docx
"The summary provided by the reviewer was ""Simple and Attractive Protector""",positive,no_issue,"attractive, protector, provided, reviewer, simple",low,docx
Helpfulness votes: 0 out of 0,positive,no_issue,"helpfulness, votes",low,docx
"Review Date: 08 13, 2013 (Unix: 1376352000)",negative,no_issue,"08, 13, 1376352000, 2013, date",medium,docx
"Summary 7
Reviewer: Davonne (ID: A2LFBAQ1CPDWNY)
Product ID: 7887421268

This review highlights that the product was generally described as: The case is pretty good",positive,no_issue,"7887421268, a2lfbaq1cpdwny, case, id, product",low,docx
It dose have some scratches on one side of the phone but its every little,negative,no_issue,"dose, little, phone, scratches",medium,docx
Other then that i like it,positive,no_issue,like,low,docx
Ive dropped my phone a few times since putting on the case and it didnt break or scratch,negative,no_issue,"break, case, didnt, dropped, ive",medium,docx
Ive gotten many complements on this case and over all it was worth the few bucks I spent,positive,no_issue,"bucks, case, complements, gotten, ive",low,docx
"Overall, the user rated the product 4",positive,no_issue,"overall, product, rated, user",low,docx
"0 stars, indicating a positive experience",positive,no_issue,"experience, indicating, positive, stars",low,docx
"The summary provided by the reviewer was ""Good Case""",positive,no_issue,"case, good, provided, reviewer, summary",low,docx
Helpfulness votes: 0 out of 0,positive,no_issue,"helpfulness, votes",low,docx
"Review Date: 05 22, 2012 (Unix: 1337644800)",negative,no_issue,"05, 1337644800, 2012, 22, date",medium,docx
"Summary 8
Reviewer: ddmmt9 (ID: A22PJG27JHKWPA)
Product ID: 7887421268

This review highlights that the product was generally described as: This case is afordable and yes it peels very easy but thats to be expected because its a dollor",positive,no_issue,"7887421268, id, product, reviewer, summary",low,docx
I bought mine from Electromaster,negative,no_issue,"bought, electromaster",medium,docx
It snaps on fine for me but if I were to drop my phone the phone would be fine but the case would surely be done for,negative,no_issue,"case, drop, fine, phone, snaps",medium,docx
its only a dollar so do not get your hopes up,negative,no_issue,"dollar, hopes",medium,docx
it looks great but its for show not for protection,positive,design_issue,"great, looks, protection",low,docx
"if you want your phone to be protected go the extra mile for an outter box

Overall, the user rated the product 4",negative,no_issue,"box, extra, mile, outter, overall",medium,docx
"0 stars, indicating a positive experience",positive,no_issue,"experience, indicating, positive, stars",low,docx
"The summary provided by the reviewer was ""This case is exactly as described""",positive,no_issue,"case, described, exactly, provided, reviewer",low,docx
Helpfulness votes: 0 out of 0,positive,no_issue,"helpfulness, votes",low,docx
"Review Date: 10 23, 2012 (Unix: 1350950400)",negative,no_issue,"10, 1350950400, 2012, 23, date",medium,docx
"Summary 9
Reviewer: Grandma in NH (ID: A2Y33PMFKII0VR)
Product ID: 7887421268

This review highlights that the product was generally described as: This is one of my favorite cases I have this one on my phone I really love the color a lot",positive,no_issue,"id, phone, product, really, review",low,docx
"Overall, the user rated the product 5",positive,no_issue,"overall, product, rated, user",low,docx
"0 stars, indicating a positive experience",positive,no_issue,"experience, indicating, positive, stars",low,docx
"The summary provided by the reviewer was ""Love it!""",positive,no_issue,"love, provided, reviewer, summary",low,docx
Helpfulness votes: 0 out of 0,positive,no_issue,"helpfulness, votes",low,docx
"Review Date: 02 15, 2013 (Unix: 1360886400)",negative,no_issue,"02, 1360886400, 15, 2013, date",medium,docx
"Product Review Analysis Report 1
This report provides a structured analysis of a customer review for product ID 8199406933",positive,no_issue,"8199406933, analysis, product, report, review",low,pdf
"The
purpose is to evaluate user satisfaction, product performance, and overall reliability based on the
provided feedback",positive,performance_issue,"based, evaluate, feedback, overall, performance",low,pdf
"Reviewer Information:
Name: Tyler
Reviewer ID: A1W8C6YKUV2DNK
Review Date: 09 15, 2011 (Unix: 1316044800)
Review Summary:
I've had this charger well over a year now, and it still works perfectly",positive,no_issue,"09, review, reviewer, unix, ve",low,pdf
"Most chargers would have
broken by now",negative,durability_issue,"broken, chargers",high,pdf
"The folding blades make this more portable than the chargers that come with some
Blackberry models that have adapters for different countries",positive,no_issue,"adapters, blackberry, blades, chargers, come",low,pdf
"Evaluation:
The product received a rating of 5",positive,no_issue,"evaluation, product, rating, received",low,pdf
This suggests a highly positive user experience,positive,no_issue,"experience, highly, positive, suggests, user",low,pdf
"The
reviewer summarized their experience as ""Holds up over time""",positive,no_issue,"experience, holds, reviewer, summarized, time",low,pdf
"Helpfulness feedback indicates 0
out of 0 users found this review useful",positive,no_issue,"feedback, helpfulness, indicates, review, useful",low,pdf
"Insights and Interpretation:
Based on the review, the product demonstrates strong durability and user satisfaction",positive,no_issue,"based, demonstrates, durability, insights, interpretation",low,pdf
"Key factors
influencing the rating include usability, build quality, and value for money",positive,no_issue,"build, factors, include, influencing, key",low,pdf
"This feedback can be
useful for both potential buyers and product developers in assessing product performance in
real-world scenarios",positive,performance_issue,"assessing, buyers, developers, feedback, product",low,pdf
"Product Review Analysis Report 10
This report provides a structured analysis of a customer review for product ID 8288853439",positive,no_issue,"10, analysis, product, report, review",low,pdf
"The
purpose is to evaluate user satisfaction, product performance, and overall reliability based on the
provided feedback",positive,performance_issue,"based, evaluate, feedback, overall, performance",low,pdf
"Reviewer Information:
Name: Nina L Hunter
Reviewer ID: A3FMA2AFK85NMX
Review Date: 02 25, 2014 (Unix: 1393286400)
Review Summary:
I purchase this for a backup at work",negative,no_issue,"02, purchase, review, reviewer, summary",medium,pdf
"I would recommend this charger for the
Samsung Galaxy S4",positive,no_issue,"charger, galaxy, recommend, s4, samsung",low,pdf
"Evaluation:
The product received a rating of 5",positive,no_issue,"evaluation, product, rating, received",low,pdf
This suggests a highly positive user experience,positive,no_issue,"experience, highly, positive, suggests, user",low,pdf
"The
reviewer summarized their experience as ""Backup for work""",negative,no_issue,"backup, experience, reviewer, summarized, work",medium,pdf
"Helpfulness feedback indicates 0 out
of 0 users found this review useful",positive,no_issue,"feedback, helpfulness, indicates, review, useful",low,pdf
"Insights and Interpretation:
Based on the review, the product demonstrates strong durability and user satisfaction",positive,no_issue,"based, demonstrates, durability, insights, interpretation",low,pdf
"Key factors
influencing the rating include usability, build quality, and value for money",positive,no_issue,"build, factors, include, influencing, key",low,pdf
"This feedback can be
useful for both potential buyers and product developers in assessing product performance in
real-world scenarios",positive,performance_issue,"assessing, buyers, developers, feedback, product",low,pdf
"Product Review Analysis Report 11
This report provides a structured analysis of a customer review for product ID 8288853439",positive,no_issue,"11, analysis, product, report, review",low,pdf
"The
purpose is to evaluate user satisfaction, product performance, and overall reliability based on the
provided feedback",positive,performance_issue,"based, evaluate, feedback, overall, performance",low,pdf
"Reviewer Information:
Name: Suthrn Angel ""Suzy""
Reviewer ID: A2EMKC5VI5MZXB
Review Date: 09 20, 2013 (Unix: 1379635200)
Review Summary:
This charger woks wonderfully on the Samsung Galaxy S4",positive,performance_issue,"09, review, reviewer, suzy, unix",low,pdf
"it chargers the phone fast and the price
is great! Highly Recommended product!
Evaluation:
The product received a rating of 5",positive,performance_issue,"chargers, evaluation, fast, great, product",low,pdf
This suggests a highly positive user experience,positive,no_issue,"experience, highly, positive, suggests, user",low,pdf
"The
reviewer summarized their experience as ""Works Great",positive,no_issue,"experience, great, reviewer, summarized, works",low,pdf
"Helpfulness feedback indicates 0 out of
0 users found this review useful",positive,no_issue,"feedback, helpfulness, indicates, review, useful",low,pdf
"Insights and Interpretation:
Based on the review, the product demonstrates strong durability and user satisfaction",positive,no_issue,"based, demonstrates, durability, insights, interpretation",low,pdf
"Key factors
influencing the rating include usability, build quality, and value for money",positive,no_issue,"build, factors, include, influencing, key",low,pdf
"This feedback can be
useful for both potential buyers and product developers in assessing product performance in
real-world scenarios",positive,performance_issue,"assessing, buyers, developers, feedback, product",low,pdf
"Product Review Analysis Report 12
This report provides a structured analysis of a customer review for product ID 8288855504",positive,no_issue,"12, analysis, product, report, review",low,pdf
"The
purpose is to evaluate user satisfaction, product performance, and overall reliability based on the
provided feedback",positive,performance_issue,"based, evaluate, feedback, overall, performance",low,pdf
"Reviewer Information:
Name: Bigced
Reviewer ID: AR6VDRB5LTDGH
Review Date: 04 24, 2013 (Unix: 1366761600)
Review Summary:
This is another great product and i will always order from here in the future",positive,no_issue,"04, order, product, review, reviewer",low,pdf
"money spent well!! If
you need a great car charger this is the one you need!!
Evaluation:
The product received a rating of 5",positive,no_issue,"car, charger, evaluation, great, need",low,pdf
This suggests a highly positive user experience,positive,no_issue,"experience, highly, positive, suggests, user",low,pdf
"The
reviewer summarized their experience as ""CAME RIGHT IN HANDY!""",positive,no_issue,"came, experience, handy, reviewer, right",low,pdf
"Helpfulness feedback
indicates 0 out of 0 users found this review useful",positive,no_issue,"feedback, helpfulness, indicates, review, useful",low,pdf
"Insights and Interpretation:
Based on the review, the product demonstrates strong durability and user satisfaction",positive,no_issue,"based, demonstrates, durability, insights, interpretation",low,pdf
"Key factors
influencing the rating include usability, build quality, and value for money",positive,no_issue,"build, factors, include, influencing, key",low,pdf
"This feedback can be
useful for both potential buyers and product developers in assessing product performance in
real-world scenarios",positive,performance_issue,"assessing, buyers, developers, feedback, product",low,pdf
"Product Review Analysis Report 13
This report provides a structured analysis of a customer review for product ID 8288855504",positive,no_issue,"13, analysis, product, report, review",low,pdf
"The
purpose is to evaluate user satisfaction, product performance, and overall reliability based on the
provided feedback",positive,performance_issue,"based, evaluate, feedback, overall, performance",low,pdf
"Reviewer Information:
Name: Cron
Reviewer ID: A1JXWKSVPTLYDL
Review Date: 06 30, 2011 (Unix: 1309392000)
Review Summary:
goes into the lighter port a little rough but it charges the phone fine",negative,no_issue,"06, port, review, reviewer, rough",medium,pdf
"I wish it had a little more reach
so i could use the phone from the passenger seat of the car more comfortably but its not a big
problem",positive,no_issue,"big, car, comfortably, little, passenger",low,pdf
"it will reach pretty far because of the coiled section but this will put stress on the charge
port of your phone which many people dont realize will eventually break it",negative,performance_issue,"break, charge, coiled, dont, eventually",high,pdf
"Evaluation:
The product received a rating of 4",positive,no_issue,"evaluation, product, rating, received",low,pdf
This suggests a highly positive user experience,positive,no_issue,"experience, highly, positive, suggests, user",low,pdf
"The
reviewer summarized their experience as ""buy it if you need a car charger""",positive,no_issue,"buy, car, charger, experience, need",low,pdf
"Helpfulness feedback
indicates 0 out of 0 users found this review useful",positive,no_issue,"feedback, helpfulness, indicates, review, useful",low,pdf
"Insights and Interpretation:
Based on the review, the product demonstrates strong durability and user satisfaction",positive,no_issue,"based, demonstrates, durability, insights, interpretation",low,pdf
"Key factors
influencing the rating include usability, build quality, and value for money",positive,no_issue,"build, factors, include, influencing, key",low,pdf
"This feedback can be
useful for both potential buyers and product developers in assessing product performance in
real-world scenarios",positive,performance_issue,"assessing, buyers, developers, feedback, product",low,pdf
"Product Review Analysis Report 14
This report provides a structured analysis of a customer review for product ID 8288855504",positive,no_issue,"14, analysis, product, report, review",low,pdf
"The
purpose is to evaluate user satisfaction, product performance, and overall reliability based on the
provided feedback",positive,performance_issue,"based, evaluate, feedback, overall, performance",low,pdf
"Reviewer Information:
Name: dohmez
Reviewer ID: A3AWPJ1XXZM6XL
Review Date: 08 29, 2011 (Unix: 1314576000)
Review Summary:
I purchased two of these chargers for my sister and girlfriend",negative,no_issue,"08, purchased, review, reviewer, sister",medium,pdf
"They both have Samsung Galaxy
phones and needed a car charger so being the OEM fanboy I am, I swooped up on a couple of
these for them while remaining slightly skeptical of what was actually going to show up in the mail at
this price",negative,no_issue,"actually, price, remaining, samsung, skeptical",medium,pdf
"I'm happy to report I definitely received 2 OEM Samsung car chargers in the mail in
sealed bags with part # barcodes (the kind you'd normally receive in a new/refurb phone)",negative,no_issue,"bags, receive, received, refurb, report",medium,pdf
"Can't go
wrong with the price and certainly can't argue with the benefits of OEM vs",positive,no_issue,"argue, benefits, certainly, oem, price",low,pdf
"generic (mA output and
reliability at the top of the list!)",negative,no_issue,"generic, list, ma, output, reliability",medium,pdf
"Evaluation:
The product received a rating of 5",positive,no_issue,"evaluation, product, rating, received",low,pdf
This suggests a highly positive user experience,positive,no_issue,"experience, highly, positive, suggests, user",low,pdf
"The
reviewer summarized their experience as ""OEM Samsung micro USB charger""",negative,no_issue,"charger, experience, micro, oem, reviewer",medium,pdf
"Helpfulness
feedback indicates 0 out of 0 users found this review useful",positive,no_issue,"feedback, helpfulness, indicates, review, useful",low,pdf
"Insights and Interpretation:
Based on the review, the product demonstrates strong durability and user satisfaction",positive,no_issue,"based, demonstrates, durability, insights, interpretation",low,pdf
"Key factors
influencing the rating include usability, build quality, and value for money",positive,no_issue,"build, factors, include, influencing, key",low,pdf
"This feedback can be
useful for both potential buyers and product developers in assessing product performance in
real-world scenarios",positive,performance_issue,"assessing, buyers, developers, feedback, product",low,pdf
"Product Review Analysis Report 15
This report provides a structured analysis of a customer review for product ID 8288855504",positive,no_issue,"15, analysis, product, report, review",low,pdf
"The
purpose is to evaluate user satisfaction, product performance, and overall reliability based on the
provided feedback",positive,performance_issue,"based, evaluate, feedback, overall, performance",low,pdf
"Hall
Reviewer ID: A2RF9FHC4HC3JO
Review Date: 06 4, 2011 (Unix: 1307145600)
Review Summary:
I bought this for my Samsung Charge",negative,no_issue,"06, 1307145600, 2011, a2rf9fhc4hc3jo, review",medium,pdf
"It works perfectly and is built as solidly as the $20 Verizon
charger",positive,no_issue,"20, built, charger, perfectly, solidly",low,pdf
"I highly recommend this car charger and thanks for the great price!
Evaluation:
The product received a rating of 5",positive,no_issue,"car, charger, evaluation, great, highly",low,pdf
This suggests a highly positive user experience,positive,no_issue,"experience, highly, positive, suggests, user",low,pdf
"The
reviewer summarized their experience as ""Great product - Great price""",positive,no_issue,"experience, great, price, product, reviewer",low,pdf
"Helpfulness feedback
indicates 0 out of 0 users found this review useful",positive,no_issue,"feedback, helpfulness, indicates, review, useful",low,pdf
"Insights and Interpretation:
Based on the review, the product demonstrates strong durability and user satisfaction",positive,no_issue,"based, demonstrates, durability, insights, interpretation",low,pdf
"Key factors
influencing the rating include usability, build quality, and value for money",positive,no_issue,"build, factors, include, influencing, key",low,pdf
"This feedback can be
useful for both potential buyers and product developers in assessing product performance in
real-world scenarios",positive,performance_issue,"assessing, buyers, developers, feedback, product",low,pdf
"Product Review Analysis Report 16
This report provides a structured analysis of a customer review for product ID 8288855504",positive,no_issue,"16, analysis, product, report, review",low,pdf
"The
purpose is to evaluate user satisfaction, product performance, and overall reliability based on the
provided feedback",positive,performance_issue,"based, evaluate, feedback, overall, performance",low,pdf
"Reviewer Information:
Name: Steve
Reviewer ID: A16GNVT2QWNYPM
Review Date: 08 19, 2011 (Unix: 1313712000)
Review Summary:
It does what it needs to do, very pleased",positive,no_issue,"08, 1313712000, 19, review, reviewer",low,pdf
"I bought some other cheap lame one and will never go
back",negative,no_issue,"bought, cheap, lame",medium,pdf
"Evaluation:
The product received a rating of 5",positive,no_issue,"evaluation, product, rating, received",low,pdf
This suggests a highly positive user experience,positive,no_issue,"experience, highly, positive, suggests, user",low,pdf
"The
reviewer summarized their experience as ""Awesome""",positive,no_issue,"awesome, experience, reviewer, summarized",low,pdf
"Helpfulness feedback indicates 0 out of 0
users found this review useful",positive,no_issue,"feedback, helpfulness, indicates, review, useful",low,pdf
"Insights and Interpretation:
Based on the review, the product demonstrates strong durability and user satisfaction",positive,no_issue,"based, demonstrates, durability, insights, interpretation",low,pdf
"Key factors
influencing the rating include usability, build quality, and value for money",positive,no_issue,"build, factors, include, influencing, key",low,pdf
"This feedback can be
useful for both potential buyers and product developers in assessing product performance in
real-world scenarios",positive,performance_issue,"assessing, buyers, developers, feedback, product",low,pdf
"Product Review Analysis Report 17
This report analyzes customer feedback for product ID 8288855504, focusing on usability,
reliability, and value",negative,no_issue,"17, 8288855504, analysis, product, report",medium,pdf
"Reviewer: zeppbiatch (ID: A2VIMRVTUCKF9M)
Date: 11 26, 2010
Review Content: Charger works great",positive,no_issue,"11, 2010, 26, a2vimrvtuckf9m, charger",low,pdf
Haven't had any issues with it at all,negative,no_issue,"haven, issues",medium,pdf
"I wish it has a
retractable cord like some other chargers I've used, but other than that, I love it",positive,no_issue,"chargers, cord, like, love, retractable",low,pdf
Conclusion: The product demonstrates strong performance based on user feedback,positive,performance_issue,"based, conclusion, demonstrates, feedback, performance",low,pdf
"Product Review Analysis Report 18
This report analyzes customer feedback for product ID 8288862993, focusing on usability,
reliability, and value",positive,no_issue,"18, 8288862993, analysis, product, report",low,pdf
"Reviewer: alex (ID: A1MMMVGC7A7P1Y)
Date: 04 12, 2014
Review Content: It works great thus far no issues",positive,no_issue,"04, 12, 2014, a1mmmvgc7a7p1y, alex",low,pdf
"The only thing i might have limited was a usb
Connect or it charges my t989 without fail
Evaluation: Rated 3",negative,no_issue,"charges, connect, evaluation, fail, limited",medium,pdf
"Summary: ""this is great buy and very useful""",positive,no_issue,"buy, great, summary, useful",low,pdf
Conclusion: The product demonstrates some limitations based on user feedback,negative,performance_issue,"based, conclusion, demonstrates, feedback, limitations",high,pdf
"Product Review Analysis Report 19
This report analyzes customer feedback for product ID 8288862993, focusing on usability,
reliability, and value",positive,no_issue,"19, 8288862993, analysis, product, report",low,pdf
"Reviewer: AndyC (ID: A1WK0DH0W21F3G)
Date: 01 20, 2014
Review Content: The big store that is in every town now (can't say their name) either does not
carry anything or is always out of stock",negative,no_issue,"01, review, reviewer, say, stock",medium,pdf
"If they ever have anything is stock, it is cheap junk that
does not last",negative,no_issue,"cheap, does, junk, stock",medium,pdf
"I got this cord thru amazon for a fraction of the price I usually pay for the junk at that
big national store",negative,no_issue,"amazon, big, cord, fraction, got",medium,pdf
This cord works perfectly and has lasted for months now,positive,no_issue,"cord, lasted, months, perfectly, works",low,pdf
"I also bought at the
same time 2 other cheaper charger cords thru amazon that work perfectly",positive,no_issue,"amazon, bought, charger, cheaper, cords",low,pdf
"Since this one still
works, I have the other two to fall back on when this one finally goes out",negative,no_issue,"fall, finally, goes, works",medium,pdf
"This is a great car
charger, and it does not cost near as much as the junk you get at the local store--not to mention this
is the Samsung brand charger verses their junk",negative,no_issue,"brand, car, charger, cost, junk",medium,pdf
Conclusion: The product demonstrates strong performance based on user feedback,positive,performance_issue,"based, conclusion, demonstrates, feedback, performance",low,pdf
"Product Review Analysis Report 2
This report provides a structured analysis of a customer review for product ID 8288853439",positive,no_issue,"8288853439, analysis, product, report, review",low,pdf
"The
purpose is to evaluate user satisfaction, product performance, and overall reliability based on the
provided feedback",positive,performance_issue,"based, evaluate, feedback, overall, performance",low,pdf
"Reviewer Information:
Name: Carolin Mng ""carolinm""
Reviewer ID: A1ABWKQZJZPXMG
Review Date: 01 10, 2014 (Unix: 1389312000)
Review Summary:
so far no problems, it charges fast that is what i need it",positive,no_issue,"01, need, problems, review, reviewer",low,pdf
"it doesn' have an USB as it specified, jus a
direct wall charger",negative,no_issue,"charger, direct, doesn, jus, specified",medium,pdf
"Evaluation:
The product received a rating of 5",positive,no_issue,"evaluation, product, rating, received",low,pdf
This suggests a highly positive user experience,positive,no_issue,"experience, highly, positive, suggests, user",low,pdf
"The
reviewer summarized their experience as ""Working fine""",positive,no_issue,"experience, fine, reviewer, summarized, working",low,pdf
"Helpfulness feedback indicates 0 out of 0
users found this review useful",positive,no_issue,"feedback, helpfulness, indicates, review, useful",low,pdf
"Insights and Interpretation:
Based on the review, the product demonstrates strong durability and user satisfaction",positive,no_issue,"based, demonstrates, durability, insights, interpretation",low,pdf
"Key factors
influencing the rating include usability, build quality, and value for money",positive,no_issue,"build, factors, include, influencing, key",low,pdf
"This feedback can be
useful for both potential buyers and product developers in assessing product performance in
real-world scenarios",positive,performance_issue,"assessing, buyers, developers, feedback, product",low,pdf
"Product Review Analysis Report 20
This report analyzes customer feedback for product ID 8288862993, focusing on usability,
reliability, and value",positive,no_issue,"20, 8288862993, analysis, product, report",low,pdf
"Reviewer: Aron Edwards (ID: AZIN9ATSFV0ZG)
Date: 08 5, 2013
Review Content: Good lengthEasy to useVery fast chargingI would recommend it to persons who
use their phone a lot",positive,performance_issue,"08, phone, recommend, review, reviewer",low,pdf
Conclusion: The product demonstrates strong performance based on user feedback,positive,performance_issue,"based, conclusion, demonstrates, feedback, performance",low,pdf
"Product Review Analysis Report 3
This report provides a structured analysis of a customer review for product ID 8288853439",positive,no_issue,"8288853439, analysis, product, report, review",low,pdf
"The
purpose is to evaluate user satisfaction, product performance, and overall reliability based on the
provided feedback",positive,performance_issue,"based, evaluate, feedback, overall, performance",low,pdf
"Reviewer Information:
Name: c c
Reviewer ID: A2C9H5QRLXXICT
Review Date: 06 12, 2014 (Unix: 1402531200)
Review Summary:
Great ! So far",positive,no_issue,"06, 12, 1402531200, review, reviewer",low,pdf
"I had this charger before and it seem to last pretty good 3 years fits most phones
except Iphone and Galaxy 5 but that phone can still use it in the right side of the portal it will Judy
charge it a bit slower",negative,performance_issue,"bit, charge, charger, fits, galaxy",high,pdf
When this charger goes it tends to loose it's fit firmly in usb and has a short,negative,no_issue,"charger, firmly, fit, goes, loose",medium,pdf
"Evaluation:
The product received a rating of 4",positive,no_issue,"evaluation, product, rating, received",low,pdf
This suggests a highly positive user experience,positive,no_issue,"experience, highly, positive, suggests, user",low,pdf
"The
reviewer summarized their experience as ""GOOD BUY""",positive,no_issue,"buy, experience, good, reviewer, summarized",low,pdf
"Helpfulness feedback indicates 0 out of 0
users found this review useful",positive,no_issue,"feedback, helpfulness, indicates, review, useful",low,pdf
"Insights and Interpretation:
Based on the review, the product demonstrates strong durability and user satisfaction",positive,no_issue,"based, demonstrates, durability, insights, interpretation",low,pdf
"Key factors
influencing the rating include usability, build quality, and value for money",positive,no_issue,"build, factors, include, influencing, key",low,pdf
"This feedback can be
useful for both potential buyers and product developers in assessing product performance in
real-world scenarios",positive,performance_issue,"assessing, buyers, developers, feedback, product",low,pdf
"Product Review Analysis Report 4
This report provides a structured analysis of a customer review for product ID 8288853439",positive,no_issue,"8288853439, analysis, product, report, review",low,pdf
"The
purpose is to evaluate user satisfaction, product performance, and overall reliability based on the
provided feedback",positive,performance_issue,"based, evaluate, feedback, overall, performance",low,pdf
"Reviewer Information:
Name: Charles A",positive,no_issue,"charles, information, reviewer",low,pdf
"Kozlowsky ""Book Lover""
Reviewer ID: A3KUXQ8TR97MF9
Review Date: 12 13, 2012 (Unix: 1355356800)
Review Summary:
Another very good phone charger that does the job and has a very affordable price that anyone can
afford to buy it",positive,performance_issue,"12, phone, price, review, reviewer",low,pdf
"Evaluation:
The product received a rating of 4",positive,no_issue,"evaluation, product, rating, received",low,pdf
This suggests a highly positive user experience,positive,no_issue,"experience, highly, positive, suggests, user",low,pdf
"The
reviewer summarized their experience as ""Very good charger",positive,no_issue,"charger, experience, good, reviewer, summarized",low,pdf
"Helpfulness feedback indicates 0
out of 0 users found this review useful",positive,no_issue,"feedback, helpfulness, indicates, review, useful",low,pdf
"Insights and Interpretation:
Based on the review, the product demonstrates strong durability and user satisfaction",positive,no_issue,"based, demonstrates, durability, insights, interpretation",low,pdf
"Key factors
influencing the rating include usability, build quality, and value for money",positive,no_issue,"build, factors, include, influencing, key",low,pdf
"This feedback can be
useful for both potential buyers and product developers in assessing product performance in
real-world scenarios",positive,performance_issue,"assessing, buyers, developers, feedback, product",low,pdf
"Product Review Analysis Report 5
This report provides a structured analysis of a customer review for product ID 8288853439",positive,no_issue,"8288853439, analysis, product, report, review",low,pdf
"The
purpose is to evaluate user satisfaction, product performance, and overall reliability based on the
provided feedback",positive,performance_issue,"based, evaluate, feedback, overall, performance",low,pdf
"Reviewer Information:
Name: David LaBedz ""dml""
Reviewer ID: A2A817AADURYEF
Review Date: 01 2, 2014 (Unix: 1388620800)
Review Summary:
Works well",positive,no_issue,"01, 1388620800, 2014, review, reviewer",low,pdf
We use this for travel and it lives in our luggage most of the year,positive,no_issue,"lives, luggage, travel, use, year",low,pdf
"For the low price
having an extra USB charger this works great",positive,no_issue,"charger, extra, great, having, low",low,pdf
Charges our Galaxy S3 and Note 2,positive,no_issue,"charges, galaxy, note, s3",low,pdf
"Evaluation:
The product received a rating of 5",positive,no_issue,"evaluation, product, rating, received",low,pdf
This suggests a highly positive user experience,positive,no_issue,"experience, highly, positive, suggests, user",low,pdf
"The
reviewer summarized their experience as ""Travel charger",positive,no_issue,"charger, experience, reviewer, summarized, travel",low,pdf
"Helpfulness feedback indicates 0 out of
0 users found this review useful",positive,no_issue,"feedback, helpfulness, indicates, review, useful",low,pdf
"Insights and Interpretation:
Based on the review, the product demonstrates strong durability and user satisfaction",positive,no_issue,"based, demonstrates, durability, insights, interpretation",low,pdf
"Key factors
influencing the rating include usability, build quality, and value for money",positive,no_issue,"build, factors, include, influencing, key",low,pdf
"This feedback can be
useful for both potential buyers and product developers in assessing product performance in
real-world scenarios",positive,performance_issue,"assessing, buyers, developers, feedback, product",low,pdf
"Product Review Analysis Report 6
This report provides a structured analysis of a customer review for product ID 8288853439",positive,no_issue,"8288853439, analysis, product, report, review",low,pdf
"The
purpose is to evaluate user satisfaction, product performance, and overall reliability based on the
provided feedback",positive,performance_issue,"based, evaluate, feedback, overall, performance",low,pdf
"Reviewer Information:
Name: Jade
Reviewer ID: A3CHJDCPIUK6BZ
Review Date: 12 10, 2013 (Unix: 1386633600)
Review Summary:
I needed a charger quick and I didn't want to spend $20",negative,no_issue,"10, review, reviewer, spend, summary",medium,pdf
"00 at the convenience store for a short,
crappy charger",negative,no_issue,"00, charger, convenience, crappy, short",medium,pdf
"For this price, the charger is great",positive,no_issue,"charger, great, price",low,pdf
"Pros: The cord length is perfect if you have a tall
bed",positive,performance_issue,"bed, cord, length, perfect, pros",low,pdf
I don't have to struggle to see my phone when I'm laying down,positive,no_issue,"don, laying, phone, struggle",low,pdf
"Cons: The plug in is a little
blocky but nothing to worry about",positive,performance_issue,"blocky, cons, little, plug, worry",low,pdf
The connecter doesn't like to stay in place 100% of the time,negative,no_issue,"100, connecter, doesn, like, place",medium,pdf
"It
does NOT fall out but if you wiggle it just right it disconnects the charge",negative,performance_issue,"charge, disconnects, does, fall, just",high,pdf
"My phone is also old and
the port is a little worn",negative,performance_issue,"little, old, phone, port, worn",high,pdf
That could be my issue,negative,no_issue,issue,medium,pdf
If you need a good charger for a cheap price,negative,no_issue,"charger, cheap, good, need, price",medium,pdf
"Buy
this!
Evaluation:
The product received a rating of 4",positive,no_issue,"buy, evaluation, product, rating, received",low,pdf
This suggests a highly positive user experience,positive,no_issue,"experience, highly, positive, suggests, user",low,pdf
"The
reviewer summarized their experience as ""Buy this if you want a good, long charger""",positive,no_issue,"buy, charger, experience, good, long",low,pdf
"Helpfulness
feedback indicates 1 out of 1 users found this review useful",positive,no_issue,"feedback, helpfulness, indicates, review, useful",low,pdf
"Insights and Interpretation:
Based on the review, the product demonstrates strong durability and user satisfaction",positive,no_issue,"based, demonstrates, durability, insights, interpretation",low,pdf
"Key factors
influencing the rating include usability, build quality, and value for money",positive,no_issue,"build, factors, include, influencing, key",low,pdf
"This feedback can be
useful for both potential buyers and product developers in assessing product performance in
real-world scenarios",positive,performance_issue,"assessing, buyers, developers, feedback, product",low,pdf
"Product Review Analysis Report 7
This report provides a structured analysis of a customer review for product ID 8288853439",positive,no_issue,"8288853439, analysis, product, report, review",low,pdf
"The
purpose is to evaluate user satisfaction, product performance, and overall reliability based on the
provided feedback",positive,performance_issue,"based, evaluate, feedback, overall, performance",low,pdf
"Reviewer Information:
Name: John L
Reviewer ID: A12B7P0LP6OUBQ
Review Date: 01 30, 2014 (Unix: 1391040000)
Review Summary:
Bought as a spare charger for the house and turned into my main charger because my other one
failed",negative,no_issue,"01, charger, review, reviewer, summary",medium,pdf
Nice long cable and has held up for tons of charges for my Galaxy S3,positive,no_issue,"cable, charges, galaxy, held, long",low,pdf
"Evaluation:
The product received a rating of 5",positive,no_issue,"evaluation, product, rating, received",low,pdf
This suggests a highly positive user experience,positive,no_issue,"experience, highly, positive, suggests, user",low,pdf
"The
reviewer summarized their experience as ""Very Good!""",positive,no_issue,"experience, good, reviewer, summarized",low,pdf
"Helpfulness feedback indicates 0 out of 0
users found this review useful",positive,no_issue,"feedback, helpfulness, indicates, review, useful",low,pdf
"Insights and Interpretation:
Based on the review, the product demonstrates strong durability and user satisfaction",positive,no_issue,"based, demonstrates, durability, insights, interpretation",low,pdf
"Key factors
influencing the rating include usability, build quality, and value for money",positive,no_issue,"build, factors, include, influencing, key",low,pdf
"This feedback can be
useful for both potential buyers and product developers in assessing product performance in
real-world scenarios",positive,performance_issue,"assessing, buyers, developers, feedback, product",low,pdf
"Product Review Analysis Report 8
This report provides a structured analysis of a customer review for product ID 8288853439",positive,no_issue,"8288853439, analysis, product, report, review",low,pdf
"The
purpose is to evaluate user satisfaction, product performance, and overall reliability based on the
provided feedback",positive,performance_issue,"based, evaluate, feedback, overall, performance",low,pdf
"Reviewer Information:
Name: Karmell Harris
Reviewer ID: AZW6WE7UXAMU0
Review Date: 12 13, 2013 (Unix: 1386892800)
Review Summary:
The charger only lasted a week ad after that it just stopped charging my Samsung Galaxy S3",negative,performance_issue,"12, review, reviewer, stopped, summary",high,pdf
"They
really need to start making these chargers better",negative,durability_issue,"better, chargers, making, need, really",high,pdf
"I've been thru several!!!!
Evaluation:
The product received a rating of 1",negative,no_issue,"evaluation, product, rating, received, ve",medium,pdf
This suggests a negative user experience,negative,no_issue,"experience, negative, suggests, user",medium,pdf
"The reviewer
summarized their experience as ""Poor Quality Cell Phone Charger""",negative,no_issue,"cell, charger, experience, phone, poor",medium,pdf
"Helpfulness feedback indicates
0 out of 0 users found this review useful",positive,no_issue,"feedback, helpfulness, indicates, review, useful",low,pdf
"Insights and Interpretation:
Based on the review, the product demonstrates areas needing improvement",positive,no_issue,"areas, based, demonstrates, improvement, insights",low,pdf
"Key factors
influencing the rating include usability, build quality, and value for money",positive,no_issue,"build, factors, include, influencing, key",low,pdf
"This feedback can be
useful for both potential buyers and product developers in assessing product performance in
real-world scenarios",positive,performance_issue,"assessing, buyers, developers, feedback, product",low,pdf
"Product Review Analysis Report 9
This report provides a structured analysis of a customer review for product ID 8288853439",positive,no_issue,"8288853439, analysis, product, report, review",low,pdf
"The
purpose is to evaluate user satisfaction, product performance, and overall reliability based on the
provided feedback",positive,performance_issue,"based, evaluate, feedback, overall, performance",low,pdf
"Reviewer Information:
Name: MDB
Reviewer ID: A1AGQVCNRY2G8G
Review Date: 12 11, 2013 (Unix: 1386720000)
Review Summary:
This Charger is awesome! First of all I wasn't expecting it until between 12/12 and 12/17, but it
arrived on 12/11,So That was a plus for me! Second, I was kinda skeptical about purchasing it
because it says that its for a Galaxy S and Blackberry so that can mean a lot of things! but I figured
what the heck its cheap, so what can I loose! Well, I just got it today and decided to give it a try at
work on my Galaxy S4, it charged from 80% to 100% in about 7 minutes!! Yes i timed it! and also
the cord is long which is a plus for me! So if your looking for a fast charger with a long cord and not
to mention a great price, this is the one!!update: not sure what the other reviewer meant by saying
these are poor quality chargers, because I've had mine for a little over 2 weeks and it's still going
strong!! Love this charger especially for the length!!
Evaluation:
The product received a rating of 5",positive,no_issue,"11, 12, charger, galaxy, reviewer",low,pdf
This suggests a highly positive user experience,positive,no_issue,"experience, highly, positive, suggests, user",low,pdf
"The
reviewer summarized their experience as ""Galaxy S4 Charger""",positive,no_issue,"charger, experience, galaxy, reviewer, s4",low,pdf
"Helpfulness feedback indicates 4
out of 4 users found this review useful",positive,no_issue,"feedback, helpfulness, indicates, review, useful",low,pdf
"Insights and Interpretation:
Based on the review, the product demonstrates strong durability and user satisfaction",positive,no_issue,"based, demonstrates, durability, insights, interpretation",low,pdf
"Key factors
influencing the rating include usability, build quality, and value for money",positive,no_issue,"build, factors, include, influencing, key",low,pdf
"This feedback can be
useful for both potential buyers and product developers in assessing product performance in
real-world scenarios",positive,performance_issue,"assessing, buyers, developers, feedback, product",low,pdf
